date,fajr,sunrise,dhuhr,asr,maghrib,isha
2026-01-1,6:47,8:11,12:52,14:55,17:23,18:47
2026-01-2,6:47,8:11,12:52,14:55,17:23,18:47
2026-01-3,6:47,8:11,12:53,14:56,17:24,18:48
2026-01-4,6:47,8:11,12:53,14:57,17:25,18:49
2026-01-5,6:47,8:11,12:53,14:57,17:26,18:50
2026-01-6,6:47,8:11,12:54,14:58,17:27,18:51
2026-01-7,6:47,8:11,12:54,14:59,17:28,18:52
2026-01-8,6:47,8:10,12:55,15:00,17:29,18:53
2026-01-9,6:47,8:10,12:55,15:01,17:30,18:54
2026-01-10,6:46,8:10,12:56,15:02,17:31,18:55
2026-01-11,6:46,8:09,12:56,15:03,17:33,18:56
2026-01-12,6:46,8:09,12:56,15:04,17:34,18:57
2026-01-13,6:46,8:08,12:56,15:05,17:35,18:58
2026-01-14,6:45,8:08,12:56,15:06,17:36,18:59
2026-01-15,6:45,8:07,12:56,15:07,17:38,19:00
2026-01-16,6:45,8:07,12:56,15:09,17:39,19:01
2026-01-17,6:44,8:06,12:58,15:10,17:40,19:02
2026-01-18,6:44,8:06,12:59,15:11,17:41,19:03
2026-01-19,6:43,8:05,12:59,15:12,17:43,19:04
2026-01-20,6:43,8:04,12:59,15:13,17:44,19:06
2026-01-21,6:42,8:03,12:59,15:14,17:45,19:07
2026-01-22,6:42,8:03,13:00,15:15,17:47,19:08
2026-01-23,6:41,8:02,13:00,15:16,17:48,19:09
2026-01-24,6:40,8:01,13:00,15:18,17:50,19:10
2026-01-25,6:39,8:00,13:01,15:19,17:51,19:12
2026-01-26,6:39,7:59,13:01,15:20,17:52,19:13
2026-01-27,6:38,7:58,13:01,15:21,17:54,19:14
2026-01-28,6:37,7:57,13:01,15:22,17:55,19:15
2026-01-29,6:36,7:56,13:01,15:23,17:57,19:16
2026-01-30,6:35,7:55,13:02,15:25,17:58,19:18
2026-01-31,6:35,7:54,13:02,15:26,18:00,19:19
2026-02-1,6:34,7:53,13:02,15:27,18:01,19:20
2026-02-2,6:33,7:52,13:02,15:28,18:02,19:21
2026-02-3,6:32,7:50,13:02,15:29,18:04,19:23
2026-02-4,6:31,7:49,13:02,15:31,18:05,19:24
2026-02-5,6:29,7:48,13:02,15:32,18:07,19:25
2026-02-6,6:28,7:47,13:02,15:33,18:08,19:27
2026-02-7,6:27,7:45,13:02,15:34,18:10,19:28
2026-02-8,6:26,7:44,13:03,15:35,18:11,19:29
2026-02-9,6:25,7:43,13:03,15:36,18:12,19:30
2026-02-10,6:24,7:41,13:03,15:37,18:14,19:32
2026-02-11,6:22,7:40,13:03,15:39,18:15,19:33
2026-02-12,6:21,7:39,13:03,15:40,18:17,19:34
2026-02-13,6:20,7:37,13:03,15:41,18:18,19:36
2026-02-14,6:18,7:36,13:03,15:42,18:20,19:37
2026-02-15,6:17,7:34,13:03,15:43,18:21,19:38
2026-02-16,6:16,7:33,13:03,15:44,18:22,19:39
2026-02-17,6:14,7:31,13:02,15:45,18:24,19:41
2026-02-18,6:13,7:29,13:02,15:46,18:25,19:42
2026-02-19,6:11,7:28,13:02,15:47,18:27,19:43
2026-02-20,6:10,7:26,13:02,15:48,18:28,19:45
2026-02-21,6:08,7:25,13:02,15:49,18:30,19:46
2026-02-22,6:07,7:23,13:02,15:51,18:31,19:47
2026-02-23,6:05,7:21,13:02,15:52,18:32,19:49
2026-02-24,6:04,7:20,13:02,15:53,18:34,19:50
2026-02-25,6:02,7:18,13:02,15:54,18:35,19:51
2026-02-26,6:00,7:16,13:01,15:55,18:36,19:52
2026-02-27,5:59,7:15,13:01,15:56,18:38,19:54
2026-02-28,5:57,7:13,13:01,15:56,18:39,19:55
2026-03-1,5:55,7:11,13:01,15:57,18:40,19:56
2026-03-2,5:53,7:09,13:01,15:58,18:42,19:58
2026-03-3,5:52,7:08,13:00,15:59,18:43,19:59
2026-03-4,5:50,7:06,13:00,16:01,18:45,20:00
2026-03-5,5:48,7:04,13:00,16:02,18:46,20:02
2026-03-6,5:46,7:02,13:00,16:03,18:47,20:03
2026-03-7,5:44,7:00,12:59,16:04,18:48,20:04
2026-03-8,5:43,6:59,12:59,16:05,18:50,20:06
2026-03-9,5:41,6:57,12:59,16:05,18:51,20:07
2026-03-10,5:39,6:55,12:59,16:06,18:52,20:08
2026-03-11,5:37,6:53,12:58,16:07,18:54,20:10
2026-03-12,5:35,6:51,12:58,16:08,18:55,20:11
2026-03-13,5:33,6:49,12:58,16:09,18:56,20:12
2026-03-14,5:31,6:47,12:58,16:10,18:58,20:14
2026-03-15,5:29,6:46,12:57,16:10,18:59,20:15
2026-03-16,5:27,6:44,12:57,16:11,19:00,20:17
2026-03-17,5:25,6:42,12:57,16:12,19:01,20:18
2026-03-18,5:23,6:40,12:56,16:13,19:03,20:19
2026-03-19,5:21,6:38,12:56,16:13,19:04,20:21
2026-03-20,5:19,6:36,12:56,16:14,19:05,20:22
2026-03-21,5:17,6:34,12:55,16:15,19:06,20:23
2026-03-22,5:15,6:32,12:55,16:15,19:08,20:25
2026-03-23,5:13,6:30,12:55,16:16,19:09,20:26
2026-03-24,5:11,6:29,12:54,16:17,19:10,20:28
2026-03-25,5:09,6:27,12:54,16:17,19:12,20:29
2026-03-26,5:07,6:25,12:54,16:18,19:13,20:31
2026-03-27,5:05,6:23,12:53,16:19,19:14,20:32
2026-03-28,5:03,6:21,12:53,16:19,19:15,20:34
2026-03-29,5:01,6:19,12:53,16:20,19:17,20:35
2026-03-30,4:58,6:17,12:52,16:21,19:18,20:36
2026-03-31,4:56,6:15,12:52,16:21,19:19,20:38
2026-04-1,4:54,6:13,12:52,16:22,19:20,20:39
2026-04-2,4:52,6:12,12:52,16:22,19:22,20:41
2026-04-3,4:50,6:10,12:51,16:23,19:23,20:42
2026-04-4,4:48,6:08,12:51,16:24,19:24,20:44
2026-04-5,4:46,6:06,12:51,16:24,19:25,20:46
2026-04-6,4:44,6:04,12:50,16:25,19:27,20:47
2026-04-7,4:41,6:02,12:50,16:25,19:28,20:49
2026-04-8,4:39,6:00,12:50,16:26,19:29,20:50
2026-04-9,4:37,5:59,12:49,16:26,19:30,20:52
2026-04-10,4:35,5:57,12:49,16:27,19:32,20:53
2026-04-11,4:33,5:55,12:49,16:27,19:33,20:55
2026-04-12,4:31,5:53,12:49,16:28,19:34,20:57
2026-04-13,4:28,5:51,12:48,16:28,19:35,20:58
2026-04-14,4:26,5:50,12:48,16:29,19:37,21:00
2026-04-15,4:24,5:48,12:48,16:29,19:38,21:02
2026-04-16,4:22,5:46,12:48,16:30,19:39,21:03
2026-04-17,4:20,5:44,12:47,16:30,19:40,21:05
2026-04-18,4:18,5:43,12:47,16:31,19:42,21:07
2026-04-19,4:16,5:41,12:47,16:31,19:43,21:08
2026-04-20,4:13,5:39,12:47,16:32,19:44,21:10
2026-04-21,4:11,5:38,12:47,16:32,19:45,21:12
2026-04-22,4:09,5:36,12:46,16:33,19:47,21:13
2026-04-23,4:07,5:34,12:46,16:33,19:48,21:15
2026-04-24,4:05,5:33,12:46,16:34,19:49,21:17
2026-04-25,4:03,5:31,12:46,16:34,19:50,21:19
2026-04-26,4:01,5:30,12:46,16:35,19:52,21:21
2026-04-27,3:59,5:28,12:46,16:35,19:53,21:22
2026-04-28,3:57,5:27,12:45,16:35,19:54,21:24
2026-04-29,3:55,5:25,12:45,16:36,19:55,21:26
2026-04-30,3:53,5:24,12:45,16:36,19:57,21:28
2026-05-1,3:51,5:22,12:45,16:37,19:58,21:30
2026-05-2,3:48,5:21,12:45,16:37,19:59,21:31
2026-05-3,3:46,5:19,12:45,16:38,20:00,21:33
2026-05-4,3:44,5:18,12:45,16:38,20:02,21:35
2026-05-5,3:42,5:16,12:45,16:38,20:03,21:37
2026-05-6,3:40,5:15,12:45,16:39,20:04,21:39
2026-05-7,3:39,5:14,12:45,16:39,20:05,21:41
2026-05-8,3:37,5:12,12:44,16:40,20:07,21:42
2026-05-9,3:35,5:11,12:44,16:40,20:08,21:44
2026-05-10,3:33,5:10,12:44,16:40,20:09,21:46
2026-05-11,3:31,5:09,12:44,16:41,20:10,21:48
2026-05-12,3:29,5:07,12:44,16:41,20:11,21:50
2026-05-13,3:27,5:06,12:44,16:42,20:13,21:52
2026-05-14,3:25,5:05,12:44,16:42,20:14,21:53
2026-05-15,3:24,5:04,12:44,16:42,20:15,21:55
2026-05-16,3:22,5:03,12:44,16:43,20:16,21:57
2026-05-17,3:20,5:02,12:44,16:43,20:17,21:59
2026-05-18,3:18,5:01,12:45,16:44,20:18,22:01
2026-05-19,3:17,5:00,12:45,16:44,20:19,22:02
2026-05-20,3:15,4:59,12:45,16:44,20:21,22:04
2026-05-21,3:13,4:58,12:45,16:45,20:22,22:06
2026-05-22,3:12,4:57,12:45,16:45,20:23,22:08
2026-05-23,3:10,4:56,12:45,16:45,20:24,22:09
2026-05-24,3:09,4:55,12:45,16:46,20:25,22:11
2026-05-25,3:07,4:54,12:45,16:46,20:26,22:13
2026-05-26,3:06,4:54,12:45,16:47,20:27,22:14
2026-05-27,3:05,4:53,12:45,16:47,20:28,22:16
2026-05-28,3:03,4:52,12:45,16:47,20:29,22:18
2026-05-29,3:02,4:51,12:46,16:48,20:30,22:19
2026-05-30,3:01,4:51,12:46,16:48,20:31,22:21
2026-05-31,3:00,4:50,12:46,16:48,20:31,22:22
2026-06-1,2:58,4:50,12:46,16:49,20:32,22:23
2026-06-2,2:57,4:49,12:46,16:49,20:33,22:25
2026-06-3,2:56,4:49,12:46,16:49,20:34,22:26
2026-06-4,2:55,4:48,12:46,16:50,20:35,22:28
2026-06-5,2:54,4:48,12:47,16:50,20:35,22:29
2026-06-6,2:54,4:47,12:47,16:50,20:36,22:30
2026-06-7,2:53,4:47,12:47,16:51,20:37,22:31
2026-06-8,2:52,4:47,12:47,16:51,20:38,22:32
2026-06-9,2:51,4:46,12:47,16:51,20:38,22:33
2026-06-10,2:51,4:46,12:48,16:52,20:39,22:34
2026-06-11,2:50,4:46,12:48,16:52,20:39,22:35
2026-06-12,2:50,4:46,12:48,16:52,20:40,22:36
2026-06-13,2:49,4:46,12:48,16:53,20:40,22:37
2026-06-14,2:49,4:46,12:48,16:53,20:41,22:38
2026-06-15,2:49,4:46,12:48,16:53,20:41,22:38
2026-06-16,2:49,4:46,12:49,16:53,20:42,22:39
2026-06-17,2:48,4:46,12:49,16:54,20:42,22:39
2026-06-18,2:48,4:46,12:49,16:54,20:42,22:40
2026-06-19,2:48,4:46,12:49,16:54,20:43,22:40
2026-06-20,2:48,4:46,12:50,16:54,20:43,22:41
2026-06-21,2:49,4:46,12:50,16:55,20:43,22:41
2026-06-22,2:49,4:47,12:50,16:55,20:43,22:41
2026-06-23,2:49,4:47,12:50,16:55,20:43,22:41
2026-06-24,2:50,4:47,12:50,16:55,20:44,22:41
2026-06-25,2:50,4:47,12:51,16:55,20:44,22:41
2026-06-26,2:51,4:48,12:51,16:56,20:44,22:41
2026-06-27,2:51,4:48,12:51,16:56,20:44,22:41
2026-06-28,2:52,4:49,12:51,16:56,20:44,22:40
2026-06-29,2:53,4:49,12:51,16:56,20:44,22:40
2026-06-30,2:53,4:50,12:51,16:56,20:43,22:40
2026-07-1,2:54,4:50,12:52,16:56,20:43,22:39
2026-07-2,2:55,4:51,12:52,16:56,20:43,22:38
2026-07-3,2:56,4:51,12:52,16:56,20:43,22:38
2026-07-4,2:57,4:52,12:52,16:56,20:42,22:37
2026-07-5,2:58,4:53,12:52,16:56,20:42,22:36
2026-07-6,2:59,4:53,12:53,16:56,20:42,22:36
2026-07-7,3:01,4:54,12:53,16:57,20:41,22:35
2026-07-8,3:02,4:55,12:53,16:57,20:41,22:34
2026-07-9,3:03,4:55,12:53,16:56,20:41,22:33
2026-07-10,3:05,4:56,12:53,16:56,20:40,22:32
2026-07-11,3:06,4:57,12:53,16:56,20:39,22:31
2026-07-12,3:07,4:58,12:53,16:56,20:39,22:29
2026-07-13,3:09,4:59,12:54,16:56,20:38,22:28
2026-07-14,3:10,5:00,12:54,16:56,20:38,22:27
2026-07-15,3:12,5:01,12:54,16:56,20:37,22:26
2026-07-16,3:13,5:01,12:54,16:56,20:36,22:24
2026-07-17,3:15,5:02,12:54,16:56,20:35,22:23
2026-07-18,3:17,5:03,12:54,16:56,20:35,22:21
2026-07-19,3:18,5:04,12:54,16:55,20:34,22:20
2026-07-20,3:20,5:05,12:54,16:55,20:33,22:18
2026-07-21,3:21,5:06,12:54,16:55,20:32,22:17
2026-07-22,3:23,5:07,12:54,16:55,20:31,22:15
2026-07-23,3:25,5:08,12:54,16:54,20:30,22:14
2026-07-24,3:27,5:10,12:54,16:54,20:29,22:12
2026-07-25,3:28,5:11,12:54,16:54,20:28,22:10
2026-07-26,3:30,5:12,12:54,16:53,20:27,22:09
2026-07-27,3:32,5:13,12:54,16:53,20:26,22:07
2026-07-28,3:34,5:14,12:54,16:53,20:25,22:05
2026-07-29,3:35,5:15,12:54,16:52,20:24,22:03
2026-07-30,3:37,5:16,12:54,16:52,20:23,22:01
2026-07-31,3:39,5:17,12:54,16:51,20:21,22:00
2026-08-1,3:41,5:18,12:54,16:51,20:20,21:58
2026-08-2,3:43,5:20,12:54,16:50,20:19,21:56
2026-08-3,3:44,5:21,12:54,16:50,20:18,21:54
2026-08-4,3:46,5:22,12:54,16:49,20:16,21:52
2026-08-5,3:48,5:23,12:54,16:49,20:15,21:50
2026-08-6,3:50,5:24,12:54,16:48,20:14,21:48
2026-08-7,3:51,5:25,12:54,16:48,20:12,21:46
2026-08-8,3:53,5:27,12:54,16:47,20:11,21:44
2026-08-9,3:55,5:28,12:54,16:46,20:09,21:42
2026-08-10,3:57,5:29,12:53,16:46,20:08,21:40
2026-08-11,3:59,5:30,12:53,16:45,20:06,21:38
2026-08-12,4:00,5:31,12:53,16:44,20:05,21:36
2026-08-13,4:02,5:33,12:53,16:43,20:03,21:34
2026-08-14,4:04,5:34,12:53,16:43,20:02,21:32
2026-08-15,4:06,5:35,12:53,16:42,20:00,21:30
2026-08-16,4:07,5:36,12:52,16:41,19:59,21:28
2026-08-17,4:09,5:37,12:52,16:40,19:57,21:26
2026-08-18,4:11,5:39,12:52,16:40,19:55,21:23
2026-08-19,4:12,5:40,12:52,16:39,19:54,21:21
2026-08-20,4:14,5:41,12:52,16:38,19:52,21:19
2026-08-21,4:16,5:42,12:51,16:37,19:51,21:17
2026-08-22,4:17,5:43,12:51,16:36,19:49,21:15
2026-08-23,4:19,5:45,12:51,16:35,19:47,21:13
2026-08-24,4:21,5:46,12:51,16:34,19:45,21:11
2026-08-25,4:22,5:47,12:50,16:33,19:44,21:08
2026-08-26,4:24,5:48,12:50,16:32,19:42,21:06
2026-08-27,4:25,5:49,12:50,16:31,19:40,21:04
2026-08-28,4:27,5:51,12:49,16:30,19:38,21:02
2026-08-29,4:29,5:52,12:49,16:29,19:37,21:00
2026-08-30,4:30,5:53,12:49,16:28,19:35,20:58
2026-08-31,4:32,5:54,12:49,16:27,19:33,20:55
2026-09-1,4:33,5:55,12:48,16:26,19:31,20:53
2026-09-2,4:35,5:56,12:48,16:25,19:29,20:51
2026-09-3,4:36,5:58,12:48,16:24,19:28,20:49
2026-09-4,4:38,5:59,12:47,16:23,19:26,20:47
2026-09-5,4:39,6:00,12:47,16:21,19:24,20:45
2026-09-6,4:41,6:01,12:47,16:20,19:22,20:42
2026-09-7,4:42,6:02,12:46,16:19,19:20,20:40
2026-09-8,4:44,6:04,12:46,16:18,19:18,20:38
2026-09-9,4:45,6:05,12:46,16:17,19:16,20:36
2026-09-10,4:47,6:06,12:45,16:16,19:14,20:34
2026-09-11,4:48,6:07,12:45,16:14,19:13,20:32
2026-09-12,4:49,6:08,12:44,16:13,19:11,20:29
2026-09-13,4:51,6:09,12:44,16:12,19:09,20:27
2026-09-14,4:52,6:11,12:44,16:11,19:07,20:25
2026-09-15,4:54,6:12,12:43,16:09,19:05,20:23
2026-09-16,4:55,6:13,12:43,16:08,19:03,20:21
2026-09-17,4:56,6:14,12:43,16:07,19:01,20:19
2026-09-18,4:58,6:15,12:42,16:05,18:59,20:17
2026-09-19,4:59,6:17,12:42,16:04,18:57,20:15
2026-09-20,5:00,6:18,12:41,16:03,18:55,20:13
2026-09-21,5:02,6:19,12:41,16:01,18:53,20:10
2026-09-22,5:03,6:20,12:41,16:00,18:51,20:08
2026-09-23,5:04,6:21,12:40,15:59,18:50,20:06
2026-09-24,5:06,6:22,12:40,15:57,18:48,20:04
2026-09-25,5:07,6:24,12:40,15:56,18:46,20:02
2026-09-26,5:08,6:25,12:39,15:55,18:44,20:00
2026-09-27,5:10,6:26,12:39,15:53,18:42,19:58
2026-09-28,5:11,6:27,12:39,15:52,18:40,19:56
2026-09-29,5:12,6:28,12:38,15:51,18:38,19:54
2026-09-30,5:14,6:30,12:38,15:49,18:36,19:52
2026-10-1,5:15,6:31,12:38,15:48,18:34,19:50
2026-10-2,5:16,6:32,12:37,15:46,18:32,19:48
2026-10-3,5:17,6:33,12:37,15:45,18:30,19:46
2026-10-4,5:19,6:35,12:37,15:44,18:29,19:45
2026-10-5,5:20,6:36,12:36,15:42,18:27,19:43
2026-10-6,5:21,6:37,12:36,15:41,18:25,19:41
2026-10-7,5:22,6:38,12:36,15:40,18:23,19:39
2026-10-8,5:24,6:40,12:35,15:38,18:21,19:37
2026-10-9,5:25,6:41,12:35,15:37,18:19,19:35
2026-10-10,5:26,6:42,12:35,15:35,18:18,19:33
2026-10-11,5:27,6:43,12:35,15:34,18:16,19:32
2026-10-12,5:29,6:45,12:34,15:33,18:14,19:30
2026-10-13,5:30,6:46,12:34,15:31,18:12,19:28
2026-10-14,5:31,6:47,12:34,15:30,18:10,19:26
2026-10-15,5:32,6:48,12:34,15:29,18:09,19:25
2026-10-16,5:34,6:50,12:33,15:27,18:07,19:23
2026-10-17,5:35,6:51,12:33,15:26,18:05,19:21
2026-10-18,5:36,6:52,12:33,15:25,18:04,19:20
2026-10-19,5:37,6:54,12:33,15:23,18:02,19:18
2026-10-20,5:39,6:55,12:33,15:22,18:00,19:17
2026-10-21,5:40,6:56,12:32,15:21,17:59,19:15
2026-10-22,5:41,6:58,12:32,15:19,17:57,19:14
2026-10-23,5:42,6:59,12:32,15:18,17:55,19:12
2026-10-24,5:44,7:00,12:32,15:17,17:54,19:11
2026-10-25,5:45,7:02,12:32,15:16,17:52,19:09
2026-10-26,5:46,7:03,12:32,15:14,17:51,19:08
2026-10-27,5:47,7:04,12:32,15:13,17:49,19:06
2026-10-28,5:49,7:06,12:32,15:12,17:48,19:05
2026-10-29,5:50,7:07,12:32,15:11,17:46,19:04
2026-10-30,5:51,7:09,12:32,15:10,17:45,19:02
2026-10-31,5:52,7:10,12:32,15:08,17:43,19:01
2026-11-1,5:53,7:11,12:32,15:07,17:42,19:00
2026-11-2,5:55,7:13,12:32,15:06,17:40,18:58
2026-11-3,5:56,7:14,12:32,15:05,17:39,18:57
2026-11-4,5:57,7:15,12:32,15:04,17:38,18:56
2026-11-5,5:58,7:17,12:32,15:03,17:36,18:55
2026-11-6,6:00,7:18,12:32,15:02,17:35,18:54
2026-11-7,6:01,7:20,12:32,15:02,17:34,18:53
2026-11-8,6:02,7:21,12:32,15:01,17:33,18:52
2026-11-9,6:03,7:22,12:32,15:00,17:31,18:51
2026-11-10,6:04,7:24,12:32,14:59,17:30,18:50
2026-11-11,6:06,7:25,12:32,14:58,17:29,18:49
2026-11-12,6:07,7:27,12:32,14:57,17:28,18:48
2026-11-13,6:08,7:28,12:32,14:56,17:27,18:47
2026-11-14,6:09,7:29,12:33,14:55,17:26,18:46
2026-11-15,6:10,7:31,12:33,14:54,17:25,18:45
2026-11-16,6:12,7:32,12:33,14:54,17:24,18:44
2026-11-17,6:13,7:33,12:33,14:53,17:23,18:44
2026-11-18,6:14,7:35,12:33,14:52,17:22,18:43
2026-11-19,6:15,7:36,12:34,14:51,17:21,18:42
2026-11-20,6:16,7:37,12:34,14:51,17:20,18:42
2026-11-21,6:17,7:39,12:34,14:50,17:20,18:41
2026-11-22,6:18,7:40,12:34,14:49,17:19,18:40
2026-11-23,6:20,7:41,12:35,14:49,17:18,18:40
2026-11-24,6:21,7:43,12:35,14:48,17:17,18:39
2026-11-25,6:22,7:44,12:35,14:48,17:17,18:39
2026-11-26,6:23,7:45,12:36,14:47,17:16,18:38
2026-11-27,6:24,7:46,12:36,14:47,17:16,18:38
2026-11-28,6:25,7:48,12:36,14:46,17:15,18:38
2026-11-29,6:26,7:49,12:37,14:46,17:15,18:37
2026-11-30,6:27,7:50,12:37,14:46,17:14,18:37
2026-12-1,6:28,7:51,12:37,14:45,17:14,18:37
2026-12-2,6:29,7:52,12:38,14:45,17:13,18:37
2026-12-3,6:30,7:53,12:38,14:45,17:13,18:36
2026-12-4,6:31,7:54,12:39,14:45,17:13,18:36
2026-12-5,6:32,7:55,12:39,14:45,17:12,18:36
2026-12-6,6:33,7:56,12:39,14:44,17:12,18:36
2026-12-7,6:33,7:57,12:40,14:44,17:12,18:36
2026-12-8,6:34,7:58,12:40,14:44,17:12,18:36
2026-12-9,6:35,7:59,12:41,14:44,17:12,18:36
2026-12-10,6:36,8:00,12:41,14:44,17:12,18:36
2026-12-11,6:37,8:01,12:42,14:44,17:12,18:36
2026-12-12,6:38,8:02,12:42,14:44,17:12,18:36
2026-12-13,6:38,8:03,12:42,14:45,17:12,18:37
2026-12-14,6:39,8:04,12:43,14:45,17:12,18:37
2026-12-15,6:40,8:04,12:43,14:45,17:12,18:37
2026-12-16,6:40,8:05,12:44,14:45,17:13,18:37
2026-12-17,6:41,8:06,12:44,14:45,17:13,18:38
2026-12-18,6:42,8:06,12:45,14:46,17:13,18:38
2026-12-19,6:42,8:07,12:45,14:46,17:14,18:39
2026-12-20,6:43,8:08,12:46,14:47,17:14,18:39
2026-12-21,6:43,8:08,12:46,14:47,17:14,18:39
2026-12-22,6:44,8:09,12:47,14:47,17:15,18:40
2026-12-23,6:44,8:09,12:47,14:48,17:16,18:40
2026-12-24,6:45,8:09,12:48,14:48,17:16,18:41
2026-12-25,6:45,8:10,12:48,14:49,17:17,18:42
2026-12-26,6:45,8:10,12:49,14:50,17:17,18:42
2026-12-27,6:46,8:10,12:49,14:50,17:18,18:43
2026-12-28,6:46,8:11,12:50,14:51,17:19,18:43
2026-12-29,6:46,8:11,12:50,14:52,17:20,18:44
2026-12-30,6:46,8:11,12:51,14:53,17:20,18:45
2026-12-31,6:47,8:11,12:51,14:54,17:21,18:46